wally_000.jpg,555,574
wally_001.jpg,724,473
wally_002.jpg,143,913
wally_003.jpg,465,912
wally_006.jpg,420,548
wally_007.jpg,78,564
wally_008.jpg,491,294
wally_009.jpg,639,481
wally_011.jpg,474,464
wally_012.jpg,104,174
wally_013.jpg,769,386
wally_014.jpg,258,383
wally_015.jpg,275,622
wally_017.jpg,340,665
wally_018.jpg,492,733
wally_019.jpg,236,224
wally_020.jpg,195,117
wally_022.jpg,470,829
wally_023.jpg,375,495
wally_024.jpg,602,359
wally_026.jpg,374,742
wally_027.jpg,659,82
wally_028.jpg,270,410
wally_029.jpg,596,584
wally_030.jpg,707,409
wally_031.jpg,206,189
wally_032.jpg,257,519
wally_033.jpg,440,344
wally_034.jpg,97,253
wally_035.jpg,730,386
wally_036.jpg,755,697
wally_037.jpg,565,714
wally_038.jpg,706,893
wally_039.jpg,415,760
wally_040.jpg,753,831
wally_042.jpg,585,498
wally_043.jpg,225,515
wally_044.jpg,262,135
wally_045.jpg,65,314
wally_046.jpg,794,574
wally_047.jpg,531,681
wally_048.jpg,196,485
wally_049.jpg,619,301
wally_050.jpg,599,714
wally_052.jpg,178,892
wally_053.jpg,327,103
wally_054.jpg,713,430
wally_055.jpg,585,216
wally_056.jpg,891,591
wally_059.jpg,403,557
wally_060.jpg,601,692
wally_061.jpg,468,562
wally_064.jpg,213,385
wally_065.jpg,592,472
wally_066.jpg,641,518
wally_067.jpg,510,240
wally_068.jpg,926,871
wally_069.jpg,473,314
wally_072.jpg,513,541
wally_073.jpg,169,101
wally_074.jpg,121,442
wally_075.jpg,889,182
wally_077.jpg,324,398
wally_080.jpg,770,886
wally_081.jpg,495,360
wally_082.jpg,738,261
wally_083.jpg,314,281
wally_085.jpg,793,788
wally_086.jpg,493,497
wally_087.jpg,519,501
wally_088.jpg,526,710
wally_089.jpg,512,403
wally_090.jpg,312,403
wally_091.jpg,208,874
wally_092.jpg,380,130
wally_093.jpg,439,230
wally_094.jpg,310,239
wally_095.jpg,506,342
wally_096.jpg,579,202
wally_097.jpg,581,283
wally_098.jpg,780,131
wally_099.jpg,400,360
wally_100.jpg,400,780
wally_101.jpg,604,868
wally_102.jpg,387,212
wally_104.jpg,282,301
wally_106.jpg,584,197
wally_107.jpg,298,309
wally_108.jpg,276,560
wally_110.jpg,367,666
wally_113.jpg,517,343
wally_115.jpg,398,496
wally_116.jpg,682,446
wally_117.jpg,696,514
wally_119.jpg,289,770
wally_120.jpg,713,577
wally_121.jpg,309,515
wally_122.jpg,421,823
wally_123.jpg,461,291
wally_124.jpg,483,172
wally_125.jpg,407,560
wally_126.jpg,272,822
wally_127.jpg,180,890
wally_129.jpg,594,340
wally_131.jpg,827,239
wally_132.jpg,533,488
wally_133.jpg,425,706
wally_134.jpg,519,648
wally_135.jpg,384,744
wally_136.jpg,374,845
wally_137.jpg,536,830
wally_138.jpg,483,197
wally_140.jpg,286,278
wally_141.jpg,554,575
wally_142.jpg,294,317
wally_143.jpg,192,177
wally_144.jpg,164,98
wally_146.jpg,485,339
wally_147.jpg,524,785
wally_148.jpg,505,263
